Keyword,Category,World,Source,Ruleset
Monster Hunter,Class,Etharis,Grim Hollow Player’s Guide,2024
Carver Guild,Subclass,Etharis,Grim Hollow Player’s Guide,2024
Devourer Guild,Subclass,Etharis,Grim Hollow Player’s Guide,2024
Occultist Guild,Subclass,Etharis,Grim Hollow Player’s Guide,2024
Trapper Guild,Subclass,Etharis,Grim Hollow Player’s Guide,2024
Aberrant Horror,Mechanic,Etharis,Grim Hollow Player’s Guide,2024
Fey,Mechanic,Etharis,Grim Hollow Player’s Guide,2024
Fiend,Mechanic,Etharis,Grim Hollow Player’s Guide,2024
Hag,Mechanic,Etharis,Grim Hollow Player’s Guide,2024
Lich,Mechanic,Etharis,Grim Hollow Player’s Guide,2024
Lycanthrope,Mechanic,Etharis,Grim Hollow Player’s Guide,2024
Ooze,Mechanic,Etharis,Grim Hollow Player’s Guide,2024
Primordial,Mechanic,Etharis,Grim Hollow Player’s Guide,2024
Seraph,Mechanic,Etharis,Grim Hollow Player’s Guide,2024
Shadowsteel Ghoul,Mechanic,Etharis,Grim Hollow Player’s Guide,2024
Specter,Mechanic,Etharis,Grim Hollow Player’s Guide,2024
Vampire,Mechanic,Etharis,Grim Hollow Player’s Guide,2024
The Bürach Empire,Location,Etharis,Grim Hollow Player’s Guide,2024
The Ostoyan Empire,Location,Etharis,Grim Hollow Player’s Guide,2024
The Charneault Kingdom,Location,Etharis,Grim Hollow Player’s Guide,2024
The Castinellan Provinces,Location,Etharis,Grim Hollow Player’s Guide,2024
The Valikan Clans,Location,Etharis,Grim Hollow Player’s Guide,2024
The City of Liesech,Location,Etharis,Grim Hollow Player’s Guide,2024
The City of Morencia,Location,Etharis,Grim Hollow Player’s Guide,2024
The Arcanist Inquisition,Faction,Etharis,Grim Hollow Player’s Guide,2024
The Augustine Trading Company,Faction,Etharis,Grim Hollow Player’s Guide,2024
The Company of Free Swords,Faction,Etharis,Grim Hollow Player’s Guide,2024
The Crimson Court,Faction,Etharis,Grim Hollow Player’s Guide,2024
The Ebon Syndicate,Faction,Etharis,Grim Hollow Player’s Guide,2024
Monster Hunter Guilds,Faction,Etharis,Grim Hollow Player’s Guide,2024
Morbus Doctore,Faction,Etharis,Grim Hollow Player’s Guide,2024
Order of Dawn,Faction,Etharis,Grim Hollow Player’s Guide,2024
The Prismatic Circle,Faction,Etharis,Grim Hollow Player’s Guide,2024
The Thaumaturge,Faction,Etharis,Grim Hollow Player’s Guide,2024
The Watchers of the Faithful,Faction,Etharis,Grim Hollow Player’s Guide,2024
The Bürach Empire,Location,Etharis,Grim Hollow Campaign Guide,2024
The City of Stehlenwald,Location,Etharis,Grim Hollow Campaign Guide,2024
The Ostoyan Empire,Location,Etharis,Grim Hollow Campaign Guide,2024
The City of Fallowheart,Location,Etharis,Grim Hollow Campaign Guide,2024
The Free City of Malkovia,Location,Etharis,Grim Hollow Campaign Guide,2024
The Charneault Kingdom,Location,Etharis,Grim Hollow Campaign Guide,2024
Castle Lamesdhonneur,Location,Etharis,Grim Hollow Campaign Guide,2024
Tol Leyemil,Location,Etharis,Grim Hollow Campaign Guide,2024
The Castinellan Provinces,Location,Etharis,Grim Hollow Campaign Guide,2024
Ember Cairn,Location,Etharis,Grim Hollow Campaign Guide,2024
The Valikan Clans,Location,Etharis,Grim Hollow Campaign Guide,2024
Cold Iron Keep,Location,Etharis,Grim Hollow Campaign Guide,2024
The City of Liesech,Location,Etharis,Grim Hollow Campaign Guide,2024
The City of Morencia,Location,Etharis,Grim Hollow Campaign Guide,2024
Dragonborn,Race,Etharis,Grim Hollow Campaign Guide,2024
Dwarves,Race,Etharis,Grim Hollow Campaign Guide,2024
Elves,Race,Etharis,Grim Hollow Campaign Guide,2024
Gnomes,Race,Etharis,Grim Hollow Campaign Guide,2024
Halflings,Race,Etharis,Grim Hollow Campaign Guide,2024
Humans,Race,Etharis,Grim Hollow Campaign Guide,2024
Dreamers,Race,Etharis,Grim Hollow Campaign Guide,2024
Grudgels,Race,Etharis,Grim Hollow Campaign Guide,2024
Laneshi,Race,Etharis,Grim Hollow Campaign Guide,2024
Ogresh,Race,Etharis,Grim Hollow Campaign Guide,2024
Accursed,Race,Etharis,Grim Hollow Campaign Guide,2024
Arisen,Race,Etharis,Grim Hollow Campaign Guide,2024
Dhampir,Race,Etharis,Grim Hollow Campaign Guide,2024
Disembodied,Race,Etharis,Grim Hollow Campaign Guide,2024
Downcast,Race,Etharis,Grim Hollow Campaign Guide,2024
Wechselkind,Race,Etharis,Grim Hollow Campaign Guide,2024
Wulven,Race,Etharis,Grim Hollow Campaign Guide,2024
Augustine Trading Company,Faction,Etharis,Grim Hollow Campaign Guide,2024
Company of Free Swords,Faction,Etharis,Grim Hollow Campaign Guide,2024
Ebon Syndicate,Faction,Etharis,Grim Hollow Campaign Guide,2024
Thaumaturge,Faction,Etharis,Grim Hollow Campaign Guide,2024
Watchers of the Faithful,Faction,Etharis,Grim Hollow Campaign Guide,2024
The Arcanist Inquisition,Faction,Etharis,Grim Hollow Campaign Guide,2024
Crimson Court,Faction,Etharis,Grim Hollow Campaign Guide,2024
Monster Hunter Guilds,Faction,Etharis,Grim Hollow Campaign Guide,2024
Morbus Doctore,Faction,Etharis,Grim Hollow Campaign Guide,2024
Order of Dawn,Faction,Etharis,Grim Hollow Campaign Guide,2024
Prismatic Circle,Faction,Etharis,Grim Hollow Campaign Guide,2024
Arch Seraphs,Deity,Etharis,Grim Hollow Campaign Guide,2024
Arch Daemons,Deity,Etharis,Grim Hollow Campaign Guide,2024
The Aether Kindred,Deity,Etharis,Grim Hollow Campaign Guide,2024
Primordials,Deity,Etharis,Grim Hollow Campaign Guide,2024
The Faerie Courts,Deity,Etharis,Grim Hollow Campaign Guide,2024
The Four Sacred Artifacts,Item,Etharis,Grim Hollow Campaign Guide,2024
